Page URL,Custom label
https://vgdanismanlik.com/blog/londra-university-of-middlesex-isletme-muhasebesi-lisans,UK;Business;Lisans
https://vgdanismanlik.com/blog/bologna-university-of-bologna-yonetim-ve-ekonomi-lisans,Italy;Business;Lisans
https://vgdanismanlik.com/blog/prag-anglo-american-university-uluslararasi-iliskiler-kuresel-guvenlik-calismala,Czech;Law;Lisans
https://vgdanismanlik.com/blog/groningen-university-of-groningen-ekonometri-ve-yoneylem-arastirmasi-lisans,Netherlands;Other;Lisans
https://vgdanismanlik.com/blog/groningen-university-of-groningen-kimya-lisans,Netherlands;Science;Lisans
https://vgdanismanlik.com/blog/gliwice-silesian-university-of-technology-bilgisayar-muhendisligi-lisans,Poland;Engineering;Lisans
https://vgdanismanlik.com/blog/heidelberg-srh-university-sosyal-hizmet-lisans-berlin,Germany;Other;Lisans
https://vgdanismanlik.com/blog/london-regents-university-london-moda-tasarimi-lisans,UK;Arts;Lisans
https://vgdanismanlik.com/blog/bologna-university-of-bologna-avrupa-calismalari-lisans,Italy;Other;Lisans
https://vgdanismanlik.com/blog/prag-czech-technical-university-ctu-kuantum-teknolojileri-lisans,Czech;Other;Lisans
https://vgdanismanlik.com/blog/amsterdam-amsterdam-university-of-applied-sciences-fizyoterapi-lisans,Netherlands;Health;Lisans
https://vgdanismanlik.com/blog/wroclaw-coventry-university-havacilik-yonetimi-lisans,Poland;Business;Lisans
https://vgdanismanlik.com/blog/pcs-university-of-pcs-mimarlik-muhendisligi-lisans,Hungary;Engineering;Lisans
https://vgdanismanlik.com/blog/debrecen-university-of-debrecen-cevre-muhendisligi-lisans,Hungary;Engineering;Lisans
https://vgdanismanlik.com/blog/heidelberg-srh-university-sanal-gerceklik-ve-oyun-gelistirme-lisans-heidelberg,Germany;Other;Lisans
https://vgdanismanlik.com/blog/pisa-university-of-pisa-beseri-bilimler-iph-lisans,Italy;Other;Lisans
https://vgdanismanlik.com/blog/prague-charles-university-cuni-fizyoterapi-lisans,Czech;Health;Lisans
https://vgdanismanlik.com/blog/nijmegen-radboud-university-nijmegen-bilgisayar-bilimi-lisans,Netherlands;Engineering;Lisans
https://vgdanismanlik.com/blog/polonyada-tip-tek-asamali-6-yil-okumak-poznan-university-of-medical-sciences,Poland;Health;Lisans
https://vgdanismanlik.com/blog/macaristanda-ingiliz-ve-amerikan-calismalari-lisans-okumak-university-of-debrece,Hungary;Other;Lisans
https://vgdanismanlik.com/blog/almanyada-uluslararasi-isletme-yonetimi-otomotiv-yonetimi-fast-track-lisans-leip,Germany;Business;Lisans
https://vgdanismanlik.com/blog/ingiltereda-sanat-tarihi-lisans-okumak-regents-university-london,UK;Arts;Lisans
https://vgdanismanlik.com/blog/ingiltereda-bilgisayar-bilimleri-ve-siber-guvenlik-lisans-okumak-university-of-b,UK;Engineering;Lisans
https://vgdanismanlik.com/blog/italyada-bilgi-muhendisligi-lisans-okumak-university-of-padova,Italy;Engineering;Lisans
https://vgdanismanlik.com/blog/hollandada-amerikan-calismalari-lisans-okumak-university-of-groningen,Netherlands;Other;Lisans
https://vgdanismanlik.com/blog/polonyada-siyaset-bilimi-lisans-okumak-university-of-wroclaw,Poland;Law;Lisans
https://vgdanismanlik.com/blog/macaristanda-kimya-muhendisligi-lisans-okumak-university-of-debrecen,Hungary;Engineering;Lisans
https://vgdanismanlik.com/blog/almanyada-medya-arastirmalari-lisans-okumak-technical-university-of-dresden-tud,Germany;Other;Lisans
https://vgdanismanlik.com/blog/ingiltereda-luks-konaklama-ve-agirlama-yonetimi-lisans-okumak-regents-university,UK;Business;Lisans
https://vgdanismanlik.com/blog/italyada-ekonomi-siyaset-ve-sosyal-bilimler-lisans-okumak-university-of-bologna,Italy;Business;Lisans
https://vgdanismanlik.com/blog/cek-cumhuriyetida-pilsen-tip-fakultesi-discilik-lisans-okumak-charles-university,Czech;Health;Lisans
https://vgdanismanlik.com/blog/cek-cumhuriyetida-uluslararasi-iliskiler-lisans-okumak-anglo-american-university,Czech;Law;Lisans
https://vgdanismanlik.com/blog/hollandada-arkeoloji-lisans-okumak-leiden-university,Netherlands;Other;Lisans
https://vgdanismanlik.com/blog/polonyada-matematik-uygulamali-matematik-lisans-okumak-silesian-university-of-te,Poland;Science;Lisans
https://vgdanismanlik.com/blog/macaristanda-hemsirelik-lisans-okumak-university-of-debrecen,Hungary;Health;Lisans
https://vgdanismanlik.com/blog/almanyada-uygulamali-yapay-zeka-lisans-heidelberg-okumak-srh-university,Germany;Engineering;Lisans
https://vgdanismanlik.com/blog/university-of-middlesex-isletme-yonetimi-inovasyon-ve-girisimcilik-lisans-lisans,UK;Business;Lisans
https://vgdanismanlik.com/blog/european-school-of-economics-pazarlama-lisans-lisans-programi,UK;Business;Lisans
https://vgdanismanlik.com/blog/czech-technical-university-ctu-fizik-muhendisligi-lisans-lisans-programi,Czech;Engineering;Lisans
https://vgdanismanlik.com/blog/vrije-universiteit-amsterdam-bilgisayar-bilimi-lisans-lisans-programi,Netherlands;Engineering;Lisans
https://vgdanismanlik.com/blog/agh-university-of-technology-mekatronik-muhendisligi-lisans-lisans-programi,Poland;Engineering;Lisans
https://vgdanismanlik.com/blog/university-of-debrecen-kimya-lisans-lisans-programi,Hungary;Science;Lisans
https://vgdanismanlik.com/blog/universitt-heidelberg-amerikan-calismalari-lisans-lisans-programi,Germany;Other;Lisans
https://vgdanismanlik.com/blog/university-of-buckingham-bilgisayar-bilimi-lisans-lisans-programi,UK;Engineering;Lisans
https://vgdanismanlik.com/blog/ca-foscari-university-of-venice-isletme-yonetimi-ve-idare-lisans-lisans-programi,Italy;Business;Lisans
https://vgdanismanlik.com/blog/university-of-new-york-in-prague-unyp-bilisim-teknolojisi-avrupa-lisans-lisans-p,UK;Other;Lisans
https://vgdanismanlik.com/blog/the-hague-university-of-applied-sciences-surec-ve-gida-teknolojisi-lisans-lisans,Netherlands;Other;Lisans
https://vgdanismanlik.com/blog/adam-mickiewicz-university-poznan-bilgisayar-teknolojileri-lisans-lisans-program,Poland;Engineering;Lisans
https://vgdanismanlik.com/blog/university-of-debrecen-tarim-isletmeciligi-lisans-lisans-programi,Hungary;Business;Lisans
https://vgdanismanlik.com/blog/bremen-university-deniz-jeobilimleri-lisans-lisans-programi,Germany;Other;Lisans
https://vgdanismanlik.com/blog/bournemouth-university-psikoloji-lisans-lisans-programi,UK;Health;Lisans
https://vgdanismanlik.com/blog/politecnico-di-milano-mimarlik-lisans-lisans-programi,Italy;Engineering;Lisans
https://vgdanismanlik.com/blog/czech-university-of-life-sciences-czu-tarim-ve-gida-lisans-lisans-programi,Czech;Other;Lisans
https://vgdanismanlik.com/blog/navitas-university-of-twente-ileri-teknoloji-lisans-lisans-programi,Netherlands;Other;Lisans
https://vgdanismanlik.com/blog/gdansk-university-of-technology-veri-muhendisligi-lisans-lisans-programi,Poland;Engineering;Lisans
https://vgdanismanlik.com/blog/university-of-debrecen-dis-hekimligi-lisans-lisans-programi,Hungary;Health;Lisans
https://vgdanismanlik.com/blog/technical-university-of-dresden-tud-molekuler-biyoloji-ve-biyoteknoloji-lisans-l,Germany;Science;Lisans
https://vgdanismanlik.com/blog/university-of-middlesex-bilgi-teknolojileri-lisans-lisans-programi,UK;Other;Lisans
https://vgdanismanlik.com/blog/university-of-padova-psikolojik-bilimler-lisans-lisans-programi,Italy;Health;Lisans
https://vgdanismanlik.com/blog/czech-university-of-life-sciences-czu-isletme-yonetimi-cift-diploma-westcliff-un,Czech;Business;Lisans
https://vgdanismanlik.com/blog/vrije-universiteit-amsterdam-uluslararasi-isletme-lisans-lisans-programi,Netherlands;Business;Lisans
https://vgdanismanlik.com/blog/gdansk-university-of-technology-yesil-teknolojiler-ve-izleme-lisans-lisans-progr,Poland;Other;Lisans
https://vgdanismanlik.com/blog/university-of-pcs-ingiliz-ve-amerikan-calismalari-lisans-lisans-programi,Hungary;Other;Lisans
https://vgdanismanlik.com/blog/lancaster-university-leipzig-isletme-yonetimi-lisans-lisans-programi,UK;Business;Lisans
https://vgdanismanlik.com/blog/bournemouth-university-insan-kaynaklari-yonetimi-lisans-lisans-programi,UK;Business;Lisans
https://vgdanismanlik.com/blog/university-of-trento-ekonomi-ve-yonetim-lisans-lisans-programi,Italy;Business;Lisans
https://vgdanismanlik.com/blog/university-of-chemistry-and-technology-vscht-kimya-ve-malzeme-teknolojisi-lisans,Czech;Science;Lisans
https://vgdanismanlik.com/blog/radboud-university-nijmegen-yapay-zeka-lisans-lisans-programi,Netherlands;Engineering;Lisans
https://vgdanismanlik.com/blog/jagiellonian-university-degisen-dunyada-yer-bilimleri-lisans-lisans-programi,Poland;Other;Lisans
https://vgdanismanlik.com/blog/university-of-debrecen-genel-tip-lisans-lisans-programi,Hungary;Health;Lisans
https://vgdanismanlik.com/blog/cbs-international-business-school-finans-ve-yonetim-lisans-lisans-programi,Germany;Business;Lisans
https://vgdanismanlik.com/blog/queen-mary-university-of-london-havacilik-ve-uzay-muhendisligi-lisans-lisans-pro,UK;Engineering;Lisans
https://vgdanismanlik.com/blog/iulm-university-milan-mutercim-tercumanlik-ve-kulturlerarasi-iletisim-lisans-lis,Italy;Social;Lisans
https://vgdanismanlik.com/blog/czech-technical-university-ctu-bilgisayar-guvenligi-lisans-lisans-programi,Czech;Engineering;Lisans
https://vgdanismanlik.com/blog/leiden-university-siyaset-bilimi-lisans-lisans-programi,Netherlands;Law;Lisans
https://vgdanismanlik.com/blog/adam-mickiewicz-university-poznan-ingiliz-edebiyat-ve-kultur-calismalari-lisans-,Poland;Social;Lisans
https://vgdanismanlik.com/blog/university-of-pcs-diyetetik-lisans-lisans-programi,Hungary;Other;Lisans
https://vgdanismanlik.com/blog/berlin-school-of-business-and-innovation-bsbi-cizgi-roman-ve-konsept-sanati-uca-,Germany;Arts;Lisans
https://vgdanismanlik.com/blog/university-of-sussex-sinirbilim-lisans-lisans-programi,UK;Other;Lisans
https://vgdanismanlik.com/blog/university-of-bologna-uluslararasi-calismalar-lisans-lisans-programi,Italy;Other;Lisans
https://vgdanismanlik.com/blog/charles-university-cuni-hradec-kralove-eczacilik-fakultesi-eczacilik-lisans-lisa,Czech;Health;Lisans
https://vgdanismanlik.com/blog/university-of-groningen-uluslararasi-iliskiler-ve-uluslararasi-orgut-lisans-lisa,Netherlands;Law;Lisans
https://vgdanismanlik.com/blog/gdansk-university-of-technology-enerji-teknolojileri-lisans-lisans-programi,Poland;Other;Lisans
https://vgdanismanlik.com/blog/university-of-szeged-muzik-ve-performans-sanatlari-lisans-lisans-programi,Hungary;Arts;Lisans
https://vgdanismanlik.com/blog/berlin-school-of-business-and-innovation-bsbi-oyun-tasarimi-uca-hamburg-kampus-l,Germany;Arts;Lisans
https://vgdanismanlik.com/blog/regents-university-london-isletme-ve-psikoloji-lisans-lisans-programi,UK;Business;Lisans
https://vgdanismanlik.com/blog/iulm-university-milan-iletisim-medya-ve-reklamcilik-lisans-lisans-programi,Italy;Social;Lisans
https://vgdanismanlik.com/blog/anglo-american-university-gazetecilik-ve-medya-calismalari-gazetecilik-lisans-li,Czech;Social;Lisans
https://vgdanismanlik.com/blog/radboud-university-nijmegen-ingiliz-dili-ve-kulturu-lisans-lisans-programi,Netherlands;Other;Lisans
https://vgdanismanlik.com/blog/adam-mickiewicz-university-poznan-orta-avrupa-ve-balkan-calismalari-lisans-lisan,Poland;Other;Lisans
https://vgdanismanlik.com/blog/university-of-debrecen-eczacilik-lisans-lisans-programi,Hungary;Health;Lisans
https://vgdanismanlik.com/blog/technical-university-of-dresden-tud-psikoloji-lisans-lisans-programi,Germany;Health;Lisans
https://vgdanismanlik.com/blog/bournemouth-university-e-spor-dijital-teknolojileri-lisans-lisans-programi,UK;Other;Lisans
https://vgdanismanlik.com/blog/sapienza-university-of-rome-farmasotik-uygulamalar-icin-molekuler-biyoloji-tibbi,Italy;Science;Lisans
https://vgdanismanlik.com/blog/vsb-technical-university-of-ostrava-vsb-tuo-isletme-lisans-lisans-programi,Czech;Business;Lisans
https://vgdanismanlik.com/blog/leiden-university-kulturel-antropoloji-ve-kalkinma-sosyolojisi-lisans-lisans-pro,Netherlands;Social;Lisans
https://vgdanismanlik.com/blog/silesian-university-of-technology-maden-muhendisligi-ve-jeoloji-lisans-lisans-pr,Poland;Engineering;Lisans
https://vgdanismanlik.com/blog/university-of-pcs-makine-muhendisligi-lisans-lisans-programi,Hungary;Engineering;Lisans
https://vgdanismanlik.com/blog/technical-university-of-dresden-tud-medya-enformatigi-lisans-lisans-programi,Germany;Other;Lisans
https://vgdanismanlik.com/blog/university-of-middlesex-norobilim-lisans-lisans-programi,UK;Other;Lisans
https://vgdanismanlik.com/blog/universita-bocconi-sanat-kultur-ve-iletisim-icin-ekonomi-ve-yonetim-lisans-lisan,Italy;Business;Lisans
https://vgdanismanlik.com/blog/vsb-technical-university-of-ostrava-vsb-tuo-insaat-muhendisligi-lisans-lisans-pr,Czech;Engineering;Lisans
https://vgdanismanlik.com/blog/utrecht-university-felsefe-siyaset-ve-ekonomi-lisans-lisans-programi,Netherlands;Business;Lisans
https://vgdanismanlik.com/blog/medical-university-of-warsaw-premed-college-1-yil-lisans-programi,Poland;Other;Lisans
https://vgdanismanlik.com/blog/university-of-debrecen-fizik-lisans-lisans-programi,Hungary;Science;Lisans
https://vgdanismanlik.com/blog/technical-university-of-munich-tum-havacilik-ve-uzay-lisans-lisans-programi,Germany;Other;Lisans
https://vgdanismanlik.com/blog/aston-university-ekonomi-lisans-lisans-programi,UK;Business;Lisans
https://vgdanismanlik.com/blog/politecnico-di-torino-elektronik-ve-haberlesme-muhendisligi-lisans-lisans-progra,Italy;Engineering;Lisans
https://vgdanismanlik.com/blog/university-of-chemistry-and-technology-vscht-yakit-isle-mmszzgmk,Czech;Other;Lisans
https://vgdanismanlik.com/blog/navitas-university-of-twente-makine-muhendisligi-lisans-mmszg9tk,Netherlands;Engineering;Lisans
https://vgdanismanlik.com/blog/nicolaus-copernicus-university-ingiliz-dili-ve-edebiyat-mmsywvpo,Poland;Social;Lisans
https://vgdanismanlik.com/blog/-eotvos-lornd-university-elte-uluslararasi-iliskiler-li-mmsye725,Hungary;Law;Lisans
https://vgdanismanlik.com/blog/berlin-school-of-business-and-innovation-bsbi-animasyon-mmsydsu1,Germany;Arts;Lisans
https://vgdanismanlik.com/blog/regents-university-london-isletme-ve-finans-lisans-mmscenyk,UK;Business;Lisans
https://vgdanismanlik.com/blog/czech-technical-university-ctu-bilisim-lisans-mmsbvhou,Czech;Other;Lisans
https://vgdanismanlik.com/blog/tilburg-university-uluslararasi-isletme-lisans-mmsbc44d,Netherlands;Business;Lisans
https://vgdanismanlik.com/blog/warsaw-university-of-technology-mekatronik-lisans-mmsat15e,Poland;Other;Lisans
https://vgdanismanlik.com/blog/university-of-debrecen-muhendislik-yonetimi-lisans-mmopnw4c,Hungary;Business;Lisans
https://vgdanismanlik.com/blog/paderborn-university-uluslararasi-isletme-lisans-mmop4ph9,Germany;Business;Lisans
https://vgdanismanlik.com/blog/university-of-cambridge-cografya-lisans-mmoolawx,UK;Other;Lisans
https://vgdanismanlik.com/blog/politecnico-di-milano-endustri-muhendisligi-lisans-mmoo28aj,Italy;Engineering;Lisans
https://vgdanismanlik.com/blog/universita-bocconi-uluslararasi-ekonomi-ve-finans-lisan-mmoo268v,Italy;Business;Lisans
https://vgdanismanlik.com/blog/university-of-new-york-in-prague-unyp-uluslararasi-ilis-mmo233zt,UK;Other;Lisans
https://vgdanismanlik.com/blog/university-of-twente-insaat-muhendisligi-lisans-mmo1jxme,Netherlands;Engineering;Lisans
https://vgdanismanlik.com/blog/coventry-university-uygulamali-psikoloji-lisans-mmo10k8e,UK;Health;Lisans
https://vgdanismanlik.com/blog/semmelweis-university-tip-lisans-mmo0hgeb,Hungary;Health;Lisans
https://vgdanismanlik.com/blog/lancaster-university-leipzig-muhasebe-ve-finans-odakli--mmkfcc7l,UK;Business;Lisans
https://vgdanismanlik.com/blog/university-of-westminster-bilgisayar-bilimleri-lisans-mmket4jm,UK;Engineering;Lisans
https://vgdanismanlik.com/blog/universit-cattolica-del-sacro-cuore-psikoloji-milan-lis-mmke9qej,Italy;Health;Lisans
https://vgdanismanlik.com/blog/czech-university-of-life-sciences-czu-isletme-yonetimi--mmkdqwp4,Czech;Business;Lisans
https://vgdanismanlik.com/blog/university-of-groningen-yasam-bilimleri-ve-teknoloji-li-mmkdqox5,Netherlands;Other;Lisans
https://vgdanismanlik.com/blog/university-of-wroclaw-kultur-ve-inovasyon-icin-ingilizc-mmjrrl6o,Poland;Other;Lisans
https://vgdanismanlik.com/blog/semmelweis-university-eczacilik-bilimleri-lisans-mmjr8ct8,Hungary;Health;Lisans
https://vgdanismanlik.com/blog/university-of-vienna-ingiliz-ve-amerikan-calismalari-li-mmjqoz0q,Austria;Other;Lisans
https://vgdanismanlik.com/blog/paderborn-university-bilgisayar-bilimi-enformatik-lisan-mmjq60sh,Germany;Engineering;Lisans
https://vgdanismanlik.com/blog/regents-university-london-medya-ve-iletisim-lisans-mmg50qe0,UK;Social;Lisans
https://vgdanismanlik.com/blog/university-of-trento-karsilastirmali-avrupa-ve-uluslara-mmg4hmco,Italy;Other;Lisans
https://vgdanismanlik.com/blog/czech-technical-university-ctu-insaat-muhendisligi-lisa-mmg3y837,Czech;Engineering;Lisans
https://vgdanismanlik.com/blog/leiden-university-felsefe-kuresel-ve-karsilastirmali-pe-mmg3fcwm,Netherlands;Social;Lisans
https://vgdanismanlik.com/blog/medical-university-of-warsaw-eczacilik-6-yil-lisans-mmg3f4m2,Poland;Health;Lisans
https://vgdanismanlik.com/blog/university-of-vienna-karsilastirmali-edebiyat-lisans-mmfhg03a,Austria;Social;Lisans
https://vgdanismanlik.com/blog/cbs-international-business-school-uluslararasi-isletme--mmfgwthu,Germany;Business;Lisans
https://vgdanismanlik.com/blog/university-of-oxford-arkeoloji-ve-antropoloji-lisans-mmfgdg24,UK;Social;Lisans
https://vgdanismanlik.com/blog/ca-foscari-university-of-venice-felsefe-uluslararasi-ve-mmffudla,Italy;Social;Lisans
https://vgdanismanlik.com/blog/czech-university-of-life-sciences-czu-cevresel-veri-bil-mmbup8ri,Czech;Other;Lisans
https://vgdanismanlik.com/blog/leiden-university-ingiliz-dili-ve-kulturu-lisans-mmbu621k,Netherlands;Other;Lisans
https://vgdanismanlik.com/blog/university-of-wroclaw-kultur-dusunce-ve-insanlik-lisans-mmbtmofa,Poland;Other;Lisans
https://vgdanismanlik.com/blog/university-of-debrecen-arac-muhendisligi-lisans-mmbt3o1u,Hungary;Engineering;Lisans
https://vgdanismanlik.com/blog/university-of-debrecen-matematik-lisans-mmbt3lca,Hungary;Science;Lisans
https://vgdanismanlik.com/blog/medical-university-of-innsbruck-dis-hekimligi-entegredi-mmb74gzb,Austria;Health;Lisans
https://vgdanismanlik.com/blog/berlin-school-of-business-and-innovation-bsbi-psikoloji-mmb6lb0f,Germany;Health;Lisans
https://vgdanismanlik.com/blog/university-of-york-bilgisayar-bilimleri-lisans-mmb61ws1,UK;Engineering;Lisans
https://vgdanismanlik.com/blog/ca-foscari-university-of-venice-antik-uygarliklar-ve-ca-mmb5itee,Italy;Other;Lisans
https://vgdanismanlik.com/blog/university-of-new-york-in-prague-unyp-uluslararasi-ilis-mm7kdn9z,UK;Other;Lisans
https://vgdanismanlik.com/blog/university-of-amsterdam-medya-ve-kultur-lisans-mm7jugne,Netherlands;Other;Lisans
https://vgdanismanlik.com/blog/university-of-wroclaw-isletme-ve-yonetim-lisans-mm7jb1nq,Poland;Business;Lisans
https://vgdanismanlik.com/blog/university-of-szeged-tip-lisans-mm7isa4a,Hungary;Health;Lisans
https://vgdanismanlik.com/blog/medical-university-of-innsbruck-molekuler-tip-lisans-mm7is0f1,Austria;Health;Lisans
https://vgdanismanlik.com/blog/technical-university-of-dresden-tud-bilisim-lisans-mm6wsven,Germany;Other;Lisans
https://vgdanismanlik.com/blog/cardiff-university-mimarlik-lisans-mm6w9puz,UK;Engineering;Lisans
https://vgdanismanlik.com/blog/european-school-of-economics-isletme-ve-spor-yonetimi-l-mm6vqbh0,UK;Business;Lisans
https://vgdanismanlik.com/blog/metropolitan-university-prague-mup-medya-calismalari-li-mm6v788e,Czech;Other;Lisans
https://vgdanismanlik.com/blog/university-of-groningen-medya-calismalari-lisans-mm64xrxl,Netherlands;Other;Lisans
https://vgdanismanlik.com/blog/agh-university-of-technology-elektronik-ve-telekomunika-mm64en8d,Poland;Other;Lisans
https://vgdanismanlik.com/blog/university-of-debrecen-hassas-tarim-muhendisligi-lisans-mm63v86t,Hungary;Engineering;Lisans
https://vgdanismanlik.com/blog/medical-university-of-vienna-tip-lisans-mm63cf5k,Austria;Health;Lisans
https://vgdanismanlik.com/blog/cbs-international-business-school-isletme-psikolojisi-l-mm63c66y,Germany;Business;Lisans
https://vgdanismanlik.com/blog/university-of-oxford-bilgisayar-bilimleri-lisans-mm5hd0mi,UK;Engineering;Lisans
https://vgdanismanlik.com/blog/politecnico-di-torino-makine-muhendisligi-lisans-mm5gtvko,Italy;Engineering;Lisans
https://vgdanismanlik.com/blog/charles-university-cuni-tarih-ve-bolge-calismalari-lisa-mm5gagsh,Czech;Social;Lisans
https://vgdanismanlik.com/blog/university-of-groningen-bilgisayar-bilimi-lisans-mm5frec5,Netherlands;Engineering;Lisans
https://vgdanismanlik.com/blog/university-of-wroclaw-uluslararasi-iliskiler-kuresel-ca-mm1um93a,Poland;Law;Lisans
https://vgdanismanlik.com/blog/university-of-debrecen-yer-bilimleri-lisans-mm1u32d6,Hungary;Other;Lisans
https://vgdanismanlik.com/blog/medical-university-of-innsbruck-tip-entegrediploma-mm1tjn1x,Austria;Health;Lisans
https://vgdanismanlik.com/blog/paderborn-university-iktisat-ve-isletme-ekonomi-lisans-mm1t0sml,Germany;Business;Lisans
https://vgdanismanlik.com/blog/queen-mary-university-of-london-psikoloji-lisans-mm1t0nx5,UK;Health;Lisans
https://vgdanismanlik.com/blog/european-school-of-economics-yonetim-lisans-mm171gjf,UK;Business;Lisans
https://vgdanismanlik.com/blog/metropolitan-university-prague-mup-uluslararasi-isletme-mm16i9nj,Czech;Business;Lisans
https://vgdanismanlik.com/blog/amsterdam-university-of-applied-sciences-amsterdam-moda-mm15yvj4,Netherlands;Arts;Lisans
https://vgdanismanlik.com/blog/silesian-university-of-technology-uretim-ve-yonetim-muh-mm15fuhk,Poland;Business;Lisans
https://vgdanismanlik.com/blog/university-of-szeged-eczacilik-lisans-mlxkanth,Hungary;Health;Lisans
https://vgdanismanlik.com/blog/medical-university-of-vienna-dis-hekimligi-lisans-mlxjrhlp,Austria;Health;Lisans
https://vgdanismanlik.com/blog/cbs-international-business-school-uluslararasi-isletme--mlxj82pu,Germany;Business;Lisans
https://vgdanismanlik.com/blog/bournemouth-university-etkinlik-yonetimi-lisans-mlxipjmg,UK;Business;Lisans
https://vgdanismanlik.com/blog/universita-bocconi-uluslararasi-siyaset-ve-yonetim-lisa-mlxip31f,Italy;Business;Lisans
https://vgdanismanlik.com/blog/university-of-chemistry-and-technology-vscht-surduruleb-mlwwpwa1,Czech;Other;Lisans
https://vgdanismanlik.com/blog/leiden-university-guvenlik-calismalari-lisans-mlww6q9q,Netherlands;Other;Lisans
https://vgdanismanlik.com/blog/medical-university-of-warsaw-eczacilik-4-yil-lisans-mlwvnbas,Poland;Health;Lisans
https://vgdanismanlik.com/blog/university-of-pcs-hemsirelik-lisans-mlwv4ayg,Hungary;Health;Lisans
https://vgdanismanlik.com/blog/medical-university-of-innsbruck-tip-entegrediploma-mlt9z63q,Austria;Health;Lisans
https://vgdanismanlik.com/blog/paderborn-university-yonetim-bilisim-sistemleri-lisans-mlt9fyns,Germany;Business;Lisans
https://vgdanismanlik.com/blog/university-of-bolton-bilisim-computing-lisans-mlt8wjj5,UK;Other;Lisans
https://vgdanismanlik.com/blog/sapienza-university-of-rome-tip-ve-cerrahi-lisans-mlt8dzs1,Italy;Health;Lisans
https://vgdanismanlik.com/blog/university-of-new-york-in-prague-unyp-uluslararasi-ilis-mlt8diak,UK;Other;Lisans
https://vgdanismanlik.com/blog/tilburg-university-psikoloji-lisans-mlsmedet,Netherlands;Health;Lisans
https://vgdanismanlik.com/blog/silesian-university-of-technology-enerji-muhendisligi-l-mlslv5pp,Poland;Engineering;Lisans
https://vgdanismanlik.com/blog/university-of-debrecen-fizyoterapi-lisans-mlslbryd,Hungary;Health;Lisans
https://vgdanismanlik.com/blog/medical-university-of-vienna-tip-lisans-mlsksp76,Austria;Health;Lisans
https://vgdanismanlik.com/blog/berlin-school-of-business-and-innovation-bsbi-fotografc-mloznl00,Germany;Arts;Lisans
https://vgdanismanlik.com/blog/university-of-sussex-isletme-ve-yonetim-calismalari-lis-mloz4ebj,UK;Business;Lisans
https://vgdanismanlik.com/blog/the-european-university-of-rome-ekonomi-ve-isletme-yone-mloyl122,UK;Business;Lisans
https://vgdanismanlik.com/blog/czech-technical-university-ctu-nukleer-ve-parcacik-fizi-mloy2cdt,Czech;Other;Lisans
https://vgdanismanlik.com/blog/university-of-twente-elektrik-muhendisligi-lisans-mloy1zkf,Netherlands;Engineering;Lisans
https://vgdanismanlik.com/blog/warsaw-university-of-technology-bilgisayar-bilimi-lisan-mloc2sv9,Poland;Engineering;Lisans
https://vgdanismanlik.com/blog/university-of-debrecen-biyoteknoloji-lisans-mlobjm2p,Hungary;Other;Lisans
https://vgdanismanlik.com/blog/medical-university-of-innsbruck-dis-hekimligi-entegredi-mlob0822,Austria;Health;Lisans
https://vgdanismanlik.com/blog/berlin-school-of-business-and-innovation-bsbi-oyun-tasa-mloah50b,Germany;Other;Lisans
https://vgdanismanlik.com/blog/university-of-brighton-isletme-yonetimi-ve-finans-lisan-mlkpc1ku,UK;Business;Lisans
https://vgdanismanlik.com/blog/politecnico-di-torino-otomotiv-muhendisligi-lisans-mlkosu3g,Italy;Engineering;Lisans
https://vgdanismanlik.com/blog/prague-university-of-economics-uluslararasi-isletme-lis-mlko9gds,Czech;Business;Lisans
https://vgdanismanlik.com/blog/vrije-universiteit-amsterdam-ekonomi-ve-isletme-ekonomi-mlknqw42,Netherlands;Business;Lisans
https://vgdanismanlik.com/blog/warsaw-university-of-technology-otomotiv-mekatronigi-li-mlknqemt,Poland;Engineering;Lisans
https://vgdanismanlik.com/blog/university-of-debrecen-fizik-lisans-mlk1r8rg,Hungary;Science;Lisans
https://vgdanismanlik.com/blog/medical-university-of-vienna-dis-hekimligi-lisans-mlk182qn,Austria;Health;Lisans
https://vgdanismanlik.com/blog/technical-university-of-munich-tum-makine-muhendisligi--mlk0onsr,Germany;Engineering;Lisans
https://vgdanismanlik.com/blog/queen-mary-university-of-london-bilgisayar-bilimleri-ve-mlk05mdl,UK;Engineering;Lisans
https://vgdanismanlik.com/blog/university-of-pisa-isletme-ve-ekonomi-icin-yonetim-lisa-mlgf0gnl,Italy;Business;Lisans
https://vgdanismanlik.com/blog/university-of-chemistry-and-technology-vscht-biyokimya--mlgehaoc,Czech;Science;Lisans
https://vgdanismanlik.com/blog/tilburg-university-kuresel-hukuk-lisans-mlgdxvis,Netherlands;Law;Lisans
https://vgdanismanlik.com/blog/warsaw-university-of-technology-elektrikli-ve-hibrit-ar-mlgdf9ap,Poland;Engineering;Lisans
https://vgdanismanlik.com/blog/university-of-debrecen-mekatronik-muhendisligi-lisans-mlgdetq8,Hungary;Engineering;Lisans
https://vgdanismanlik.com/blog/university-of-vienna-karsilastirmali-edebiyat-lisans-mlfrfomz,Austria;Social;Lisans
https://vgdanismanlik.com/blog/cbs-international-business-school-uluslararasi-isletme--mlfqwhxm,Germany;Business;Lisans
https://vgdanismanlik.com/blog/brunel-university-isletme-bilisimi-lisans-mlfqd3do,UK;Business;Lisans
https://vgdanismanlik.com/blog/university-of-padova-psikolojik-bilimler-lisans-mlfpu1s9,Italy;Health;Lisans
https://vgdanismanlik.com/blog/czech-university-of-life-sciences-czu-isletme-yonetimi--mlc4ow3f,Czech;Business;Lisans
https://vgdanismanlik.com/blog/vrije-universiteit-amsterdam-kulturel-antropoloji-ve-ka-mlc45q3n,Netherlands;Social;Lisans
https://vgdanismanlik.com/blog/silesian-university-of-technology-biyoteknoloji-lisans-mlc3maw6,Poland;Other;Lisans
https://vgdanismanlik.com/blog/university-of-debrecen-psikoloji-lisans-mlc33kf3,Hungary;Health;Lisans
https://vgdanismanlik.com/blog/medical-university-of-vienna-tip-lisans-mlc338mj,Austria;Health;Lisans
https://vgdanismanlik.com/blog/technical-university-of-dresden-tud-bilisim-lisans-mlbh440f,Germany;Other;Lisans
https://vgdanismanlik.com/blog/university-of-brighton-bilgisayar-bilimleri-ve-siber-gu-mlbgky9m,UK;Engineering;Lisans
https://vgdanismanlik.com/blog/universit-cattolica-del-sacro-cuore-psikoloji-milan-lis-mlbg1ilg,Italy;Health;Lisans
https://vgdanismanlik.com/blog/charles-university-cuni-hradec-kralove-eczacilik-fakult-mlbfih7o,Czech;Health;Lisans
https://vgdanismanlik.com/blog/radboud-university-nijmegen-yapay-zeka-lisans-ml7udbg4,Netherlands;Engineering;Lisans
https://vgdanismanlik.com/blog/warsaw-university-of-technology-enerji-muhendisligi-lis-ml7tu5tg,Poland;Engineering;Lisans
https://vgdanismanlik.com/blog/university-of-debrecen-cevre-muhendisligi-lisans-ml7tat8t,Hungary;Engineering;Lisans
https://vgdanismanlik.com/blog/medical-university-of-innsbruck-molekuler-tip-lisans-ml7srvev,Austria;Health;Lisans
https://vgdanismanlik.com/blog/technical-university-of-dresden-tud-matematik-lisans-ml7srqby,Germany;Science;Lisans
https://vgdanismanlik.com/blog/london-school-of-economics-and-political-science-lse-co-ml76skw2,UK;Other;Lisans
https://vgdanismanlik.com/blog/politecnico-di-torino-bilgisayar-muhendisligi-lisans-ml769e8l,Italy;Engineering;Lisans
https://vgdanismanlik.com/blog/masaryk-university-eczacilik-lisans-ml75pzk8,Czech;Health;Lisans
https://vgdanismanlik.com/blog/leiden-university-uluslararasi-calismalar-lisans-ml756yf2,Netherlands;Other;Lisans
https://vgdanismanlik.com/blog/medical-university-of-lublin-dis-hekimligi-lisans-ml3k1qw8,Poland;Health;Lisans
https://vgdanismanlik.com/blog/university-of-szeged-eczacilik-lisans-ml3jilr6,Hungary;Health;Lisans
https://vgdanismanlik.com/blog/university-of-vienna-karsilastirmali-edebiyat-lisans-ml3iz7mf,Austria;Social;Lisans
https://vgdanismanlik.com/blog/berlin-school-of-business-and-innovation-bsbi-uluslarar-ml3ig4rs,Germany;Other;Lisans
https://vgdanismanlik.com/blog/kings-college-london-isletme-ml3ifw8d,UK;Business;Lisans
https://vgdanismanlik.com/blog/politecnico-di-milano-mimarlik-lisans-ml2wh080,Italy;Engineering;Lisans
https://vgdanismanlik.com/blog/czech-technical-university-ctu-bilisim-lisans-ml2vxtjn,Czech;Other;Lisans
https://vgdanismanlik.com/blog/utrecht-university-felsefe-siyaset-ve-ekonomi-lisans-ml2vef10,Netherlands;Business;Lisans
https://vgdanismanlik.com/blog/warsaw-university-of-technology-elektrik-muhendisligi-l-ml2uvduv,Poland;Engineering;Lisans
https://vgdanismanlik.com/blog/university-of-szeged-muzik-ve-performans-sanatlari-lisa-ml24lwup,Hungary;Arts;Lisans
https://vgdanismanlik.com/blog/university-of-vienna-ingiliz-ve-amerikan-calismalari-li-ml242qog,Austria;Other;Lisans
https://vgdanismanlik.com/blog/technical-university-of-munich-tum-yonetim-ve-teknoloji-ml23jc7a,Germany;Business;Lisans
https://vgdanismanlik.com/blog/kings-college-london-bilgisayar-bilimleri-ml230gj8,UK;Engineering;Lisans
https://vgdanismanlik.com/blog/university-of-pisa-beseri-bilimler-iph-lisans-ml230af9,Italy;Other;Lisans
https://vgdanismanlik.com/blog/brno-university-of-technology-makine-muhendisligi-temel-ml1h14vy,Czech;Engineering;Lisans
https://vgdanismanlik.com/blog/university-of-groningen-kimya-lisans-ml1ghzkp,Netherlands;Science;Lisans
https://vgdanismanlik.com/blog/coventry-university-isletme-yonetimi-ve-liderlik-lisans-ml1fyl1c,UK;Business;Lisans
https://vgdanismanlik.com/blog/semmelweis-university-eczacilik-bilimleri-lisans-ml1ffiuj,Hungary;Health;Lisans
https://vgdanismanlik.com/blog/university-of-vienna-felsefe-ve-ekonomi-yuksek-lisans-mkxuad06,Austria;Business;YuksekLisans
https://vgdanismanlik.com/blog/technical-university-of-dresden-tud-elektrikli-ulasim-s-mkxtr8g5,Germany;Engineering;Lisans
https://vgdanismanlik.com/blog/university-of-edinburgh-tip-mkxt7t5h,UK;Health;Lisans
https://vgdanismanlik.com/blog/accademia-costume-moda-moda-iletisimi-ve-sanat-direktor-mkxsosfh,Italy;Arts;Lisans
https://vgdanismanlik.com/blog/tilburg-university-uluslararasi-hukuk-ve-kuresel-yoneti-mkxsomvd,Netherlands;Law;Lisans
https://vgdanismanlik.com/blog/adam-mickiewicz-university-poznan-kulturlerarasi-iletis-mkx6plt1,Poland;Other;Lisans
https://vgdanismanlik.com/blog/university-of-szeged-gida-bilimi-ve-teknoloji-muhendisl-mkx66fwy,Hungary;Other;Lisans
https://vgdanismanlik.com/blog/university-of-vienna-molekuler-biyoloji-yuksek-lisans-mkx5n1eb,Austria;Science;YuksekLisans
https://vgdanismanlik.com/blog/technical-university-of-munich-tum-kuantum-bilimi-ve-te-mkx540hk,Germany;Other;Lisans
https://vgdanismanlik.com/blog/kings-college-london-psikoloji-mktjyt88,UK;Health;Lisans
https://vgdanismanlik.com/blog/university-of-bologna-hizmet-yonetimi-yuksek-lisans-mktjfndp,Italy;Business;YuksekLisans
https://vgdanismanlik.com/blog/vrije-universiteit-amsterdam-bilgisayar-bilimi-yuksek-l-mktiw8z4,Netherlands;Engineering;Lisans
https://vgdanismanlik.com/blog/poznan-university-of-medical-sciences-dis-hekimligi-lis-mktid4wc,Poland;Health;Lisans
https://vgdanismanlik.com/blog/university-of-szeged-jeoinformatik-yuksek-lisans-mkticz79,Hungary;Other;YuksekLisans
https://vgdanismanlik.com/blog/university-of-vienna-sosyoloji-yuksek-lisans-mkswe2h4,Austria;Social;YuksekLisans
https://vgdanismanlik.com/blog/technical-university-of-dresden-tud-bilisim-lisans-mksvuuly,Germany;Other;Lisans
https://vgdanismanlik.com/blog/cardiff-university-bilgisayar-bilimleri-mksvbhg1,UK;Engineering;Lisans
https://vgdanismanlik.com/blog/sapienza-university-of-rome-tasarim-multimedya-ve-gorse-mksusem9,Italy;Arts;Lisans
https://vgdanismanlik.com/blog/utrecht-university-felsefe-yuksek-lisans-mkp9napc,Netherlands;Social;YuksekLisans
https://vgdanismanlik.com/blog/university-of-warsaw-gida-sistemleri-yuksek-lisans-mkp943hn,Poland;Other;YuksekLisans
https://vgdanismanlik.com/blog/semmelweis-university-tip-lisans-mkp8kocr,Hungary;Health;Lisans
https://vgdanismanlik.com/blog/university-of-vienna-psikoloji-yuksek-lisans-mkp81sfr,Austria;Health;YuksekLisans
https://vgdanismanlik.com/blog/technical-university-of-dresden-tud-kimya-yuksek-lisans-mkp81n4j,Germany;Science;YuksekLisans
https://vgdanismanlik.com/blog/london-school-of-economics-and-political-science-lse-fi-mkom2inm,UK;Other;Lisans
https://vgdanismanlik.com/blog/university-of-florence-accounting-auditing-and-control--mkoljb2l,Italy;Other;Lisans
https://vgdanismanlik.com/blog/vrije-universiteit-amsterdam-tarih-lisans-mkokzxno,Netherlands;Social;Lisans
https://vgdanismanlik.com/blog/university-of-groningen-kuratoryel-calismalar-yuksek-li-mkokgumq,Netherlands;Other;Lisans
https://vgdanismanlik.com/blog/university-of-wroclaw-uluslararasi-iliskiler-kuresel-ca-mkkzbon7,Poland;Law;Lisans
https://vgdanismanlik.com/blog/semmelweis-university-dis-hekimligi-lisans-mkkysk1p,Hungary;Health;Lisans
https://vgdanismanlik.com/blog/university-of-vienna-veri-bilimi-yuksek-lisans-mkky94mq,Austria;Engineering;YuksekLisans
https://vgdanismanlik.com/blog/technical-university-of-dresden-tud-siyaset-ve-anayasa--mkkxqh2a,Germany;Other;Lisans
https://vgdanismanlik.com/blog/regents-university-london-film-ve-medya-mkkxq30q,UK;Other;Lisans
https://vgdanismanlik.com/blog/politecnico-di-torino-jeokaynaklar-ve-jeoenerji-muhendi-mkkbqxso,Italy;Other;Lisans
https://vgdanismanlik.com/blog/lodz-university-of-technology-nanoteknoloji-lisans-mkkb7rv4,Poland;Other;Lisans
https://vgdanismanlik.com/blog/semmelweis-university-fizyoterapi-lisans-mkkaod7m,Hungary;Health;Lisans
https://vgdanismanlik.com/blog/university-of-vienna-uluslararasi-isletme-yonetimi-yuks-mkka5ab2,Austria;Business;Lisans
https://vgdanismanlik.com/blog/technical-university-of-dresden-tud-isletme-ve-ekonomi--mkitwhq1,Germany;Business;Lisans
https://vgdanismanlik.com/blog/czech-technical-university-ctu-uzay-muhendisligi-yuksek-mkitpvhv,Czech;Engineering;Lisans
https://vgdanismanlik.com/blog/university-of-economics-uluslararasi-isletme-orta-avrup-mkgnfr6h,Other;Business;Lisans
https://vgdanismanlik.com/blog/metropolitan-university-prague-mup-ingiliz-calismalari--mkf6hdsv,Czech;Other;Lisans
https://vgdanismanlik.com/blog/czech-university-of-life-sciences-czu-isletme-yuksek-li-mkd4ihmv,Czech;Business;Lisans
https://vgdanismanlik.com/blog/masaryk-university-kamu-sosyal-politika-ve-insan-kaynak-mkcd3zlf,Czech;Other;Lisans
https://vgdanismanlik.com/blog/regents-university-london---isletme-ve-pazarlama-l-mk1uka9p,UK;Business;Lisans
https://vgdanismanlik.com/blog/universit-cattolica-del-sacro-cuore---bankacilik-v-mk1uk6ug,Italy;Business;Lisans
https://vgdanismanlik.com/blog/charles-university-cuni---yapay-zeka-yuksek-lisans-mk1uk2is,Czech;Engineering;YuksekLisans
